{"attack": {"Blackburn": 0.18707054620016889, "Sunderland": 0.10448736303079922, "Charlton": -0.017738485337943546, "Chelsea": 0.3111205590168205, "Everton": 0.08510523510013036, "Tottenham": 0.28932421312332723, "Fulham": 0.41094091474714467, "Bolton": -0.09225521293752156, "Leeds": 0.14084441408475806, "Man City": 0.5533491089263445, "Man United": 0.1253142326389043, "West Brom": -0.07847932596713156, "Southampton": -0.3121701211911415, "Middlesbrough": 0.12260470836472326, "Arsenal": 0.49369781209650543, "Birmingham": 0.057455991902836435, "Aston Villa": 0.4995519816199022, "Liverpool": 0.44568048964603746, "Newcastle": 0.4973435320470877, "West Ham": 0.14896808362471511, "Norwich": -0.5600739523762359, "Crystal Palace": 0.19187283571720953, "Leicester": -0.2751992306785472, "Swansea": -0.33982456712774123, "Bournemouth": 0.3764032414092264, "Watford": -0.25447766483805223, "Stoke": -0.22248526635586113, "Huddersfield": -0.5855349608602054, "Burnley": 0.036368595160334076, "Brighton": 0.43562101692556426, "Wolves": -0.16231722567659784, "Cardiff": -0.16496406021627255, "Sheffield United": -0.23980810559404542, "Brentford": 0.2599120978013976, "Nott'm Forest": 0.30710515118738196, "Luton": 0.19682836432750628, "Ipswich": -0.0860532004895715, "Manchester City": 0.7628775101242775, "Newcastle Utd": 0.16523010764058066, "Manchester Utd": 0.4886975981985177, "Nott'ham Forest": 0.025948011212630684, "Leeds United": 0.173526589091058}, "defense": {"Blackburn": 0.10329261466739686, "Sunderland": 0.10927156651836303, "Charlton": -0.29774118749673606, "Chelsea": 0.3767863324378328, "Everton": 0.249500590680851, "Tottenham": -0.17833885992532683, "Fulham": -0.19811344987779117, "Bolton": 0.1398615022734851, "Leeds": -0.50488547868107, "Man City": 0.44058531939749906, "Man United": 0.025691699226255603, "West Brom": -0.3319952730857317, "Southampton": -0.3417426489247851, "Middlesbrough": -0.109884509959041, "Arsenal": 0.5923573209369766, "Birmingham": -0.05135971665095433, "Aston Villa": 0.25828251970939947, "Liverpool": -0.009051061304748378, "Newcastle": 0.20142687029311096, "West Ham": -0.1878953870904778, "Norwich": -0.6188695716596866, "Crystal Palace": 0.2777366435097827, "Leicester": -0.21155451139713707, "Swansea": -0.15012914175838488, "Bournemouth": -0.19010416774057615, "Watford": -0.463594717637306, "Stoke": -0.1142502051747424, "Huddersfield": -0.4620308610064915, "Burnley": -0.3859825736254535, "Brighton": -0.07121275607899918, "Wolves": -0.34582062025009713, "Cardiff": -0.18246524089443028, "Sheffield United": -0.6754225646726789, "Brentford": -0.01654949575774263, "Nott'm Forest": 0.09711499061791688, "Luton": -0.5987896670682517, "Ipswich": -0.4571123404650557, "Manchester City": 0.18605729951466893, "Newcastle Utd": 0.030604911119838523, "Manchester Utd": -0.15838481335651, "Nott'ham Forest": -0.03512564647853751, "Leeds United": -0.2420326382036524}, "rho": 0.013376530262517165, "home_adv": 0.15}