{"attack": {"Blackburn": 0.18707054620016889, "Sunderland": 0.07412068228326116, "Charlton": -0.017738485337943546, "Chelsea": 0.24048333049236742, "Everton": 0.10378443818055869, "Tottenham": 0.19111888994159332, "Fulham": 0.2901762104717067, "Bolton": -0.09225521293752156, "Leeds": 0.14084441408475806, "Man City": 0.5533491089263445, "Man United": 0.1253142326389043, "West Brom": -0.07847932596713156, "Southampton": -0.3121701211911415, "Middlesbrough": 0.12260470836472326, "Arsenal": 0.4401520489958902, "Birmingham": 0.057455991902836435, "Aston Villa": 0.34010405338836625, "Liverpool": 0.6209908299164983, "Newcastle": 0.4973435320470877, "West Ham": 0.10756671229080661, "Norwich": -0.5600739523762359, "Crystal Palace": 0.379568065607424, "Leicester": -0.2751992306785472, "Swansea": -0.33982456712774123, "Bournemouth": 0.26921594696437384, "Watford": -0.25447766483805223, "Stoke": -0.22248526635586113, "Huddersfield": -0.5855349608602054, "Burnley": -0.017117530770504256, "Brighton": 0.6155520011901645, "Cardiff": -0.16496406021627255, "Wolves": 0.2191452033827507, "Sheffield United": -0.23980810559404542, "Brentford": 0.44363696317930756, "Nott'm Forest": 0.30710515118738196, "Luton": 0.19682836432750628, "Ipswich": -0.0860532004895715}, "defense": {"Blackburn": 0.10329261466739686, "Sunderland": -0.1118994122760966, "Charlton": -0.29774118749673606, "Chelsea": 0.32415590898434676, "Everton": 0.3971147636472608, "Tottenham": -0.34368311653337574, "Fulham": -0.006859558358301241, "Bolton": 0.1398615022734851, "Leeds": -0.50488547868107, "Man City": 0.44058531939749906, "Man United": 0.025691699226255603, "West Brom": -0.3319952730857317, "Southampton": -0.3417426489247851, "Middlesbrough": -0.109884509959041, "Arsenal": 0.5028670235179147, "Birmingham": -0.05135971665095433, "Aston Villa": 0.2794327945402094, "Liverpool": 0.1495893820926995, "Newcastle": 0.20142687029311096, "West Ham": 0.011059436333716866, "Norwich": -0.6188695716596866, "Crystal Palace": 0.1151262758657643, "Leicester": -0.21155451139713707, "Swansea": -0.15012914175838488, "Bournemouth": 0.18772550903858676, "Watford": -0.463594717637306, "Stoke": -0.1142502051747424, "Huddersfield": -0.4620308610064915, "Burnley": -0.2529674682819875, "Brighton": -0.07477215651777137, "Cardiff": -0.18246524089443028, "Wolves": 0.02421234816517653, "Sheffield United": -0.6754225646726789, "Brentford": 0.08540316861467302, "Nott'm Forest": 0.09711499061791688, "Luton": -0.5987896670682517, "Ipswich": -0.4571123404650557}, "rho": 0.010716541501565324, "home_adv": 0.15}