{"attack": {"Blackburn": 0.18707054620016889, "Sunderland": 0.11885719836945297, "Charlton": -0.017738485337943546, "Chelsea": 0.3111205590168205, "Everton": 0.08510523510013036, "Tottenham": 0.37071425683987386, "Fulham": 0.41094091474714467, "Bolton": -0.09225521293752156, "Leeds": 0.14084441408475806, "Man City": 0.5533491089263445, "Man United": 0.1253142326389043, "West Brom": -0.07847932596713156, "Southampton": -0.3121701211911415, "Middlesbrough": 0.12260470836472326, "Arsenal": 0.49369781209650543, "Birmingham": 0.057455991902836435, "Aston Villa": 0.43735292666861963, "Liverpool": 0.44568048964603746, "Newcastle": 0.4973435320470877, "West Ham": 0.09579005218496205, "Norwich": -0.5600739523762359, "Crystal Palace": 0.258652443189516, "Leicester": -0.2751992306785472, "Swansea": -0.33982456712774123, "Bournemouth": 0.24158461952566565, "Watford": -0.25447766483805223, "Stoke": -0.22248526635586113, "Huddersfield": -0.5855349608602054, "Burnley": 0.036368595160334076, "Brighton": 0.43562101692556426, "Wolves": -0.16231722567659784, "Cardiff": -0.16496406021627255, "Sheffield United": -0.23980810559404542, "Brentford": 0.3176145902394692, "Nott'm Forest": 0.30710515118738196, "Luton": 0.19682836432750628, "Ipswich": -0.0860532004895715, "Manchester City": 0.6819622088433217, "Newcastle Utd": 0.22479804200562098, "Manchester Utd": 0.38104069630350934, "Nott'ham Forest": -0.06459697848491912, "Leeds United": 0.18545336420458725}, "defense": {"Blackburn": 0.10329261466739686, "Sunderland": 0.04970363215332271, "Charlton": -0.29774118749673606, "Chelsea": 0.3767863324378328, "Everton": 0.249500590680851, "Tottenham": -0.08779387022777702, "Fulham": -0.19811344987779117, "Bolton": 0.1398615022734851, "Leeds": -0.50488547868107, "Man City": 0.44058531939749906, "Man United": 0.025691699226255603, "West Brom": -0.3319952730857317, "Southampton": -0.3417426489247851, "Middlesbrough": -0.109884509959041, "Arsenal": 0.5923573209369766, "Birmingham": -0.05135971665095433, "Aston Villa": 0.31146055114915255, "Liverpool": -0.009051061304748378, "Newcastle": 0.20142687029311096, "West Ham": -0.12569633213919518, "Norwich": -0.6188695716596866, "Crystal Palace": 0.3586519447907385, "Leicester": -0.21155451139713707, "Swansea": -0.15012914175838488, "Bournemouth": -0.08244726584556776, "Watford": -0.463594717637306, "Stoke": -0.1142502051747424, "Huddersfield": -0.4620308610064915, "Burnley": -0.3859825736254535, "Brighton": -0.07121275607899918, "Wolves": -0.34582062025009713, "Cardiff": -0.18246524089443028, "Sheffield United": -0.6754225646726789, "Brentford": -0.028476270871271872, "Nott'm Forest": 0.09711499061791688, "Luton": -0.5987896670682517, "Ipswich": -0.4571123404650557, "Manchester City": 0.11927769204236244, "Newcastle Utd": 0.016235075781184775, "Manchester Utd": -0.02356619147294929, "Nott'ham Forest": -0.11651569019508415, "Leeds United": -0.29973513064172397}, "rho": 0.013522079555305015, "home_adv": 0.15}