{"attack": {"Blackburn": 0.18707054620016889, "Sunderland": -0.05774514175762466, "Charlton": -0.017738485337943546, "Chelsea": 0.35040968649543713, "Everton": 0.011667507632661347, "Tottenham": 0.2195221279953165, "Fulham": 0.3812086621780364, "Bolton": -0.09225521293752156, "Leeds": 0.3597246026875938, "Man City": 0.8448994107832368, "Man United": 0.4841556972677815, "West Brom": -0.07847932596713156, "Southampton": -0.3121701211911415, "Middlesbrough": 0.12260470836472326, "Arsenal": 0.5147534741839471, "Birmingham": 0.057455991902836435, "Aston Villa": 0.5057902626164869, "Liverpool": 0.3728740946180273, "Newcastle": 0.2956797459942563, "West Ham": 0.05864159581984091, "Bournemouth": 0.3916774584226572, "Swansea": -0.33982456712774123, "Watford": -0.25447766483805223, "Leicester": -0.2751992306785472, "Norwich": -0.5600739523762359, "Crystal Palace": -0.015235683894975531, "Stoke": -0.22248526635586113, "Brighton": 0.40035615718004003, "Burnley": 0.0026669197779835216, "Huddersfield": -0.5855349608602054, "Cardiff": -0.16496406021627255, "Wolves": -0.2879353344750399, "Sheffield United": -0.23980810559404542, "Brentford": 0.3485889488026454, "Nott'm Forest": 0.06755935900928801, "Luton": 0.19682836432750628, "Ipswich": -0.0860532004895715, "Manchester City": 0.7673884210825069, "Newcastle Utd": 0.21806534429259072, "Manchester Utd": 0.47054834513428173, "Nott'ham Forest": -0.047669697516220466, "Leeds United": 0.31063502846602714}, "defense": {"Blackburn": 0.10329261466739686, "Sunderland": 0.23714081906368628, "Charlton": -0.29774118749673606, "Chelsea": 0.1757884465979878, "Everton": 0.26641974508018584, "Tottenham": -0.1489534006467082, "Fulham": -0.09259587374964418, "Bolton": 0.1398615022734851, "Leeds": -0.2588454148964703, "Man City": 0.4044192805436855, "Man United": -0.036094948278570876, "West Brom": -0.3319952730857317, "Southampton": -0.3417426489247851, "Middlesbrough": -0.109884509959041, "Arsenal": 0.6670495208255626, "Birmingham": -0.05135971665095433, "Aston Villa": 0.35347851363330873, "Liverpool": -0.13275993643630607, "Newcastle": 0.1277887937708628, "West Ham": -0.08378776929579806, "Bournemouth": -0.376589813546048, "Swansea": -0.15012914175838488, "Watford": -0.463594717637306, "Leicester": -0.21155451139713707, "Norwich": -0.6188695716596866, "Crystal Palace": -0.06300922146639344, "Stoke": -0.1142502051747424, "Brighton": 0.02364150308512634, "Burnley": -0.18967007208671338, "Huddersfield": -0.4620308610064915, "Cardiff": -0.18246524089443028, "Wolves": -0.39387857279327565, "Sheffield United": -0.6754225646726789, "Brentford": 0.09748154475498054, "Nott'm Forest": 0.06955409425504602, "Luton": -0.5987896670682517, "Ipswich": -0.4571123404650557, "Manchester City": 0.23660507029221767, "Newcastle Utd": 0.002818507550656338, "Manchester Utd": -0.14401976040440792, "Nott'ham Forest": 0.001142738202661947, "Leeds United": -0.22245820276684355}, "rho": -0.018466614635835238, "home_adv": 0.15}