{"attack": {"Blackburn": 0.18707054620016889, "Sunderland": -0.09203655646377583, "Charlton": -0.017738485337943546, "Chelsea": 0.33622667787730065, "Everton": 0.11105892879902113, "Tottenham": 0.16365560346102453, "Fulham": 0.36691039296051453, "Bolton": -0.09225521293752156, "Leeds": 0.2542102695635499, "Man City": 0.6936418947961044, "Man United": 0.35521227463477323, "West Brom": -0.07847932596713156, "Southampton": -0.3121701211911415, "Middlesbrough": 0.12260470836472326, "Arsenal": 0.6606215962113596, "Birmingham": 0.057455991902836435, "Aston Villa": 0.5682689694036684, "Liverpool": 0.29355873593816684, "Newcastle": 0.3743648204861236, "West Ham": 0.02329087219264034, "Norwich": -0.5600739523762359, "Crystal Palace": -0.07065749720860161, "Leicester": -0.2751992306785472, "Bournemouth": 0.48378216924663825, "Swansea": -0.33982456712774123, "Watford": -0.25447766483805223, "Stoke": -0.22248526635586113, "Huddersfield": -0.5855349608602054, "Burnley": -0.05018648062069816, "Brighton": 0.4048338168624448, "Wolves": -0.17501314978806679, "Cardiff": -0.16496406021627255, "Sheffield United": -0.23980810559404542, "Brentford": 0.4058914597737283, "Nott'm Forest": 0.034030027192448575, "Luton": 0.19682836432750628, "Ipswich": -0.0860532004895715, "Manchester City": 0.7711419225606622, "Newcastle Utd": 0.22023131624440023, "Manchester Utd": 0.4752374353917212, "Nott'ham Forest": -0.05347675953077238, "Leeds United": 0.3023670329268685}, "defense": {"Blackburn": 0.10329261466739686, "Sunderland": 0.32686687309878026, "Charlton": -0.29774118749673606, "Chelsea": 0.19559287046837323, "Everton": 0.1616828989621494, "Tottenham": -0.05391223495505214, "Fulham": -0.10966493721849892, "Bolton": 0.1398615022734851, "Leeds": -0.11114767072649406, "Man City": 0.4416951037165167, "Man United": -0.017917275601236973, "West Brom": -0.3319952730857317, "Southampton": -0.3417426489247851, "Middlesbrough": -0.109884509959041, "Arsenal": 0.6061057526938437, "Birmingham": -0.05135971665095433, "Aston Villa": 0.21244470671526672, "Liverpool": -0.06479829881079852, "Newcastle": 0.17218251590284117, "West Ham": -0.203344424408858, "Norwich": -0.6188695716596866, "Crystal Palace": -0.0485954155745043, "Leicester": -0.21155451139713707, "Bournemouth": -0.37016174416854725, "Swansea": -0.15012914175838488, "Watford": -0.463594717637306, "Stoke": -0.1142502051747424, "Huddersfield": -0.4620308610064915, "Burnley": -0.24279261852057019, "Brighton": 0.03484455552964929, "Wolves": -0.22982299601880307, "Cardiff": -0.18246524089443028, "Sheffield United": -0.6754225646726789, "Brentford": 0.10589235888520313, "Nott'm Forest": -0.04464824322305972, "Luton": -0.5987896670682517, "Ipswich": -0.4571123404650557, "Manchester City": 0.23042913446592933, "Newcastle Utd": 0.00012985309683161833, "Manchester Utd": -0.14214272287605748, "Nott'ham Forest": 0.010367061277157245, "Leeds United": -0.227558291535735}, "rho": 0.060288716859987275, "home_adv": 0.15}