{"attack": {"Blackburn": 0.18707054620016889, "Sunderland": 0.044883336887005035, "Charlton": -0.017738485337943546, "Chelsea": 0.34492994614791267, "Everton": 0.05012542923856211, "Tottenham": 0.2610359042523314, "Fulham": 0.37019263049499546, "Bolton": -0.09225521293752156, "Leeds": 0.14084441408475806, "Man City": 0.5533491089263445, "Man United": 0.1253142326389043, "West Brom": -0.07847932596713156, "Southampton": -0.3121701211911415, "Middlesbrough": 0.12260470836472326, "Arsenal": 0.47986800820903863, "Birmingham": 0.057455991902836435, "Aston Villa": 0.4873882379798405, "Liverpool": 0.45235975168290465, "Newcastle": 0.4973435320470877, "West Ham": 0.10078857542671135, "Norwich": -0.5600739523762359, "Crystal Palace": 0.16470918663333145, "Leicester": -0.2751992306785472, "Swansea": -0.33982456712774123, "Bournemouth": 0.301890404229973, "Watford": -0.25447766483805223, "Stoke": -0.22248526635586113, "Huddersfield": -0.5855349608602054, "Burnley": 0.023660172687416187, "Brighton": 0.35511173704215016, "Cardiff": -0.16496406021627255, "Wolves": -0.2125292876158158, "Sheffield United": -0.23980810559404542, "Brentford": 0.268282373194718, "Nott'm Forest": 0.30710515118738196, "Luton": 0.19682836432750628, "Ipswich": -0.0860532004895715, "Newcastle Utd": 0.21821510383697987, "Manchester City": 0.7625530684727921, "Manchester Utd": 0.4757414713906577, "Nott'ham Forest": -0.03660938448638927, "Leeds United": 0.3211838645186319}, "defense": {"Blackburn": 0.10329261466739686, "Sunderland": 0.18978084640177717, "Charlton": -0.29774118749673606, "Chelsea": 0.3238013362414336, "Everton": 0.2633303945683178, "Tottenham": -0.18501812196219403, "Fulham": -0.1355560541787712, "Bolton": 0.1398615022734851, "Leeds": -0.50488547868107, "Man City": 0.44058531939749906, "Man United": 0.025691699226255603, "West Brom": -0.3319952730857317, "Southampton": -0.3417426489247851, "Middlesbrough": -0.109884509959041, "Arsenal": 0.6273371267985448, "Birmingham": -0.05135971665095433, "Aston Villa": 0.2712386465172595, "Liverpool": 0.019237247566247437, "Newcastle": 0.20142687029311096, "West Ham": -0.18757094543899241, "Norwich": -0.6188695716596866, "Crystal Palace": 0.13007936808220885, "Leicester": -0.21155451139713707, "Swansea": -0.15012914175838488, "Bournemouth": -0.17739574526765825, "Watford": -0.463594717637306, "Stoke": -0.1142502051747424, "Huddersfield": -0.4620308610064915, "Burnley": -0.31146973644620013, "Brighton": -0.011608729935204995, "Cardiff": -0.18246524089443028, "Wolves": -0.3541908956434175, "Sheffield United": -0.6754225646726789, "Brentford": 0.033662566181475326, "Nott'm Forest": 0.09711499061791688, "Luton": -0.5987896670682517, "Ipswich": -0.4571123404650557, "Newcastle Utd": -0.003204476011253652, "Manchester City": 0.2342368077126727, "Manchester Utd": -0.14622106971644827, "Nott'ham Forest": 0.005622637773611702, "Leeds United": -0.2148689891197743}, "rho": 0.012105531815431957, "home_adv": 0.15}