{"ratings": {"Arsenal": 1750.4522222869484, "Aston Villa": 1732.6580307839297, "Birmingham": 1501.3730179326296, "Blackburn": 1595.2487399634454, "Bolton": 1514.90960253197, "Bournemouth": 1552.9693988946, "Brentford": 1550.490140360646, "Brighton": 1609.5264010877465, "Burnley": 1366.0837141912389, "Cardiff": 1436.8301947608688, "Charlton": 1436.5048287196366, "Chelsea": 1648.7667982529013, "Crystal Palace": 1632.7370467206713, "Everton": 1600.8406796949093, "Fulham": 1542.6761424387996, "Huddersfield": 1283.1272153943664, "Ipswich": 1361.8052139731062, "Leeds": 1391.2075043118393, "Leeds United": 1485.3114284498392, "Leicester": 1381.9863068453276, "Liverpool": 1632.3835427274669, "Luton": 1378.386636999442, "Man City": 1741.234105769999, "Man United": 1502.3737673574954, "Manchester City": 1675.7793331901794, "Manchester Utd": 1594.8499665536965, "Middlesbrough": 1469.0523261179585, "Newcastle": 1637.5451846647845, "Newcastle Utd": 1548.5435715098395, "Norwich": 1310.6983265151216, "Nott'ham Forest": 1516.9132346672113, "Nott'm Forest": 1591.0876155040871, "Sheffield United": 1300.6582384115045, "Southampton": 1293.7262922685304, "Stoke": 1408.378824260197, "Sunderland": 1575.2215911977391, "Swansea": 1389.2330783840703, "Tottenham": 1513.3956002475593, "Watford": 1319.243149716777, "West Brom": 1402.3283907176385, "West Ham": 1474.9577032882726, "Wolves": 1348.5048923350087}, "k_factor": 28.0, "home_advantage": 65.0, "base_rating": 1500.0, "draw_base": 0.25, "draw_max_extra": 0.1, "draw_scale": 400.0}