{"ratings": {"Arsenal": 1793.9385463051767, "Aston Villa": 1783.729087570442, "Birmingham": 1501.3730179326296, "Blackburn": 1595.2487399634454, "Bolton": 1514.90960253197, "Bournemouth": 1525.0673844960206, "Brentford": 1579.711930074859, "Brighton": 1614.7188790554314, "Burnley": 1385.6981759765613, "Cardiff": 1436.8301947608688, "Charlton": 1436.5048287196366, "Chelsea": 1604.4440613739403, "Crystal Palace": 1501.3223043541395, "Everton": 1574.1567394440287, "Fulham": 1576.5973003540664, "Huddersfield": 1283.1272153943664, "Ipswich": 1361.8052139731062, "Leeds": 1492.567065978179, "Leeds United": 1506.6714735011067, "Leicester": 1381.9863068453276, "Liverpool": 1607.0212137856852, "Luton": 1378.386636999442, "Man City": 1766.8882975063575, "Man United": 1612.9294709221622, "Manchester City": 1674.6272113319765, "Manchester Utd": 1584.02332095732, "Middlesbrough": 1469.0523261179585, "Newcastle": 1587.5285730739802, "Newcastle Utd": 1552.5638845335902, "Norwich": 1310.6983265151216, "Nott'ham Forest": 1499.0999066974819, "Nott'm Forest": 1517.109267461728, "Sheffield United": 1300.6582384115045, "Southampton": 1293.7262922685304, "Stoke": 1408.378824260197, "Sunderland": 1583.7668702762799, "Swansea": 1389.2330783840703, "Tottenham": 1529.562665904244, "Watford": 1319.243149716777, "West Brom": 1402.3283907176385, "West Ham": 1471.5676640641593, "Wolves": 1291.1983214884915}, "k_factor": 28.0, "home_advantage": 65.0, "base_rating": 1500.0, "draw_base": 0.25, "draw_max_extra": 0.1, "draw_scale": 400.0}