{"ratings": {"Arsenal": 1720.699074162604, "Aston Villa": 1648.7356592735787, "Birmingham": 1493.1951742335034, "Blackburn": 1568.832534555653, "Bolton": 1498.4905426447149, "Bournemouth": 1573.4876530776562, "Brentford": 1583.6618355549945, "Brighton": 1617.721316771224, "Burnley": 1401.0803386165273, "Cardiff": 1438.4308935097351, "Charlton": 1459.6528497170218, "Chelsea": 1661.6881434921565, "Crystal Palace": 1610.8515655860285, "Everton": 1590.3157863516765, "Fulham": 1560.7555045238207, "Huddersfield": 1315.5318197641814, "Ipswich": 1388.785136348412, "Leeds": 1417.224840945544, "Leicester": 1394.4826801300221, "Liverpool": 1732.6839440555407, "Luton": 1403.5482006746129, "Man City": 1724.8567047460365, "Man United": 1509.9359812586656, "Middlesbrough": 1477.5744940905292, "Newcastle": 1627.702166061711, "Norwich": 1325.5491485700932, "Nott'm Forest": 1583.3058531560455, "Sheffield United": 1324.7592697733671, "Southampton": 1310.567997128578, "Stoke": 1419.7512482530442, "Sunderland": 1440.900132212805, "Swansea": 1418.6969678132953, "Tottenham": 1473.356260511386, "Watford": 1350.227410365062, "West Brom": 1400.8085383873097, "West Ham": 1512.1914917157558, "Wolves": 1519.9608419671076}, "k_factor": 18.0, "home_advantage": 55.0, "base_rating": 1500.0, "draw_base": 0.25, "draw_max_extra": 0.1, "draw_scale": 400.0}