{"ratings": {"Arsenal": 1819.3046817795807, "Aston Villa": 1770.3287136940614, "Birmingham": 1501.3730179326296, "Blackburn": 1595.2487399634454, "Bolton": 1514.90960253197, "Bournemouth": 1523.9400657491547, "Brentford": 1605.0129154907534, "Brighton": 1616.4256225545516, "Burnley": 1368.1977106786755, "Cardiff": 1436.8301947608688, "Charlton": 1436.5048287196366, "Chelsea": 1608.2702225668793, "Crystal Palace": 1490.9037527663743, "Everton": 1566.930404157567, "Fulham": 1574.3746038860727, "Huddersfield": 1283.1272153943664, "Ipswich": 1361.8052139731062, "Leeds": 1502.1118314604817, "Leeds United": 1506.6714735011067, "Leicester": 1381.9863068453276, "Liverpool": 1600.5944549556334, "Luton": 1378.386636999442, "Man City": 1751.1405350169189, "Man United": 1595.8040102334226, "Manchester City": 1674.6272113319765, "Manchester Utd": 1584.02332095732, "Middlesbrough": 1469.0523261179585, "Newcastle": 1610.7212501395175, "Newcastle Utd": 1552.5638845335902, "Norwich": 1310.6983265151216, "Nott'ham Forest": 1499.0999066974819, "Nott'm Forest": 1489.5895846952058, "Sheffield United": 1300.6582384115045, "Southampton": 1293.7262922685304, "Stoke": 1408.378824260197, "Sunderland": 1589.5376692829154, "Swansea": 1389.2330783840703, "Tottenham": 1534.3200579800405, "Watford": 1319.243149716777, "West Brom": 1402.3283907176385, "West Ham": 1440.9136101641413, "Wolves": 1341.1021222139855}, "k_factor": 28.0, "home_advantage": 65.0, "base_rating": 1500.0, "draw_base": 0.25, "draw_max_extra": 0.1, "draw_scale": 400.0}