{"ratings": {"Arsenal": 1736.9480910788404, "Aston Villa": 1683.1501072736914, "Birmingham": 1493.1951742335034, "Blackburn": 1568.832534555653, "Bolton": 1498.4905426447149, "Bournemouth": 1551.8163638612295, "Brentford": 1552.8857709317954, "Brighton": 1600.3779053048647, "Burnley": 1378.316234825801, "Cardiff": 1438.4308935097351, "Charlton": 1459.6528497170218, "Chelsea": 1641.8669182897934, "Crystal Palace": 1637.6150910665008, "Everton": 1581.7739987168272, "Fulham": 1538.2351970471984, "Huddersfield": 1315.5318197641814, "Ipswich": 1388.785136348412, "Leeds": 1417.224840945544, "Leeds United": 1482.5657087480533, "Leicester": 1394.4826801300221, "Liverpool": 1652.4361528835846, "Luton": 1403.5482006746129, "Man City": 1724.8567047460365, "Man United": 1509.9359812586656, "Manchester City": 1600.2323378780552, "Manchester Utd": 1567.4987991707685, "Middlesbrough": 1477.5744940905292, "Newcastle": 1627.702166061711, "Newcastle Utd": 1541.5611018798063, "Norwich": 1325.5491485700932, "Nott'ham Forest": 1490.2503647767023, "Nott'm Forest": 1583.3058531560455, "Sheffield United": 1324.7592697733671, "Southampton": 1310.567997128578, "Stoke": 1419.7512482530442, "Sunderland": 1518.129860672282, "Swansea": 1418.6969678132953, "Tottenham": 1524.1906052657694, "Watford": 1350.227410365062, "West Brom": 1400.8085383873097, "West Ham": 1483.9212417845397, "Wolves": 1384.3176964167585}, "k_factor": 18.0, "home_advantage": 55.0, "base_rating": 1500.0, "draw_base": 0.25, "draw_max_extra": 0.1, "draw_scale": 400.0}