{"ratings": {"Arsenal": 1765.1642926372003, "Aston Villa": 1740.8797637450043, "Birmingham": 1501.3730179326296, "Blackburn": 1595.2487399634454, "Bolton": 1514.90960253197, "Bournemouth": 1541.5988754710502, "Brentford": 1562.8348650137639, "Brighton": 1605.0883120886565, "Burnley": 1377.4542376147888, "Cardiff": 1436.8301947608688, "Charlton": 1436.5048287196366, "Chelsea": 1647.2808565745793, "Crystal Palace": 1600.6514781603437, "Everton": 1586.1286093446574, "Fulham": 1556.9802802434542, "Huddersfield": 1283.1272153943664, "Ipswich": 1361.8052139731062, "Leeds": 1391.2075043118393, "Leeds United": 1517.3969970101668, "Leicester": 1381.9863068453276, "Liverpool": 1649.2336505782478, "Luton": 1378.386636999442, "Man City": 1741.234105769999, "Man United": 1502.3737673574954, "Manchester City": 1682.5296538688383, "Manchester Utd": 1586.6282335926219, "Middlesbrough": 1469.0523261179585, "Newcastle": 1637.5451846647845, "Newcastle Utd": 1550.0295131881614, "Norwich": 1310.6983265151216, "Nott'ham Forest": 1502.6090968625567, "Nott'm Forest": 1591.0876155040871, "Sheffield United": 1300.6582384115045, "Southampton": 1293.7262922685304, "Stoke": 1408.378824260197, "Sunderland": 1579.6596801968292, "Swansea": 1389.2330783840703, "Tottenham": 1496.5454923967784, "Watford": 1319.243149716777, "West Brom": 1402.3283907176385, "West Ham": 1468.2073826096137, "Wolves": 1336.1601676818907}, "k_factor": 28.0, "home_advantage": 65.0, "base_rating": 1500.0, "draw_base": 0.25, "draw_max_extra": 0.1, "draw_scale": 400.0}